{ 

"mongo_private_key": "7d240a79-9298-4208-97dd-f4a2d25e6113", 

"mongoURI": "mongodb+srv://Admin1:123@cluster0.3wevhhd.mongodb.net/?retryWrites=true&w=majority&appName=Cluster0", 

"jwtPrivateKey": "5d73101620a6d8a316de3e1d5d31faba9e7f6d627189e2e9c93b4f28b3e9c5af", 

"JWT_TOKEN_SECRET": "5d73101620a6d8a316de3e1d5d31faba9e7f6d627189e2e9c93b4f28b3e9c5af", 

"jwtTokenExp": 36000, 

"Twolio_recovery_code":"E1LLYW4SKPATQV3Q9EZ6QDXW", 

"twilioAccountSid":"ACe94a4914d343e998cc3fb16254fbe1e4", 

"twilioAuthToken":"3741328dbb7e38711630a9aba67d4a6d", 

"twilioPhoneNumber":"+16466817913", 

"emailUser":"jerry.sharma0312", 

"emailPassword":"heropanti003", 

"mailgunApiKey":"98a4b2d6a82f81b742d50158e9e50081-623e10c8-ceee7fd9", 

"mailgunDomain":"sandboxac85f32b5212495c9c1cb964f7f26aaa.mailgun.org", 

"mailchimpApiKey":"979fe3b8515c654f89e24f432ca5dfdc-us22", 

"awsSecretAccessKey":"IGAkY+RpkRNM27VGIXzKf1qfekzZAcLRoG4sWAJH", 

"awsAccessKeyId":"AKIA6ODU4PUKRNJZWPGX", 

"awsRegion":"ap-south-1" 

 

} 